{
	"PubliclyAccessible": {
		"category": "S",
		"^description": "Unless you intend for your cluster to be publicly accessible, the cluster should not be configured with PubliclyAccessible set to true",
		"shortDesc": "Disable public access",
		"criticality": "H",
		"downtime": 0,
		"slowness": 0,
		"additionalCost": -1,
		"needFullTest": 1,
		"ref": [
			"[Prohibit public access]<https://docs.aws.amazon.com/securityhub/latest/userguide/redshift-controls.html#redshift-2>"
		]
	},
	"EncryptedInTransit": {
		"category": "S",
		"^description": "TLS can be used to help prevent potential attackers from using person-in-the-middle or similar attacks to eavesdrop on or manipulate network traffic. Only encrypted connections over TLS should be allowed. Encrypting data in transit can affect performance. You should test your application with this feature to understand the performance profile and the impact of TLS",
		"shortDesc": "Enable TLS",
		"criticality": "M",
		"downtime": -1,
		"slowness": -1,
		"additionalCost": -1,
		"needFullTest": 1,
		"ref": [
			"[Encypt in Transit]<https://docs.aws.amazon.com/securityhub/latest/userguide/redshift-controls.html#redshift-2>"
		]
	},
	"MaintenanceWindow": {
        "category": "O",
        "^description": "Configure maintenance windows during off-peak hours to minimize impact on your workloads. A well-planned maintenance window ensures system updates and patches are applied with minimal disruption to your operations.",
        "shortDesc": "Configure maintenance window",
        "criticality": "L",
        "downtime": 0,
        "slowness": 0,
        "additionalCost": 0,
        "needFullTest": 0,
        "ref": [
            "[Maintenance windows]<https://docs.aws.amazon.com/redshift/latest/mgmt/working-with-clusters.html#rs-maintenance-windows>"
        ]
    },
	"AutomaticSnapshots": {
		"category": "R",
		"^description": "Backups help you to recover more quickly from a security incident. They strengthen the resilience of your systems. Amazon Redshift takes periodic snapshots by default. Automatic snapshots should be enabled and retained for at least seven days.",
		"shortDesc": "Enable automatic snapshots",
		"criticality": "M",
		"downtime": 0,
		"slowness": 0,
		"additionalCost": 1,
		"needFullTest": 0,
		"ref": [
			"[Enable automatic snapshots]<https://docs.aws.amazon.com/securityhub/latest/userguide/redshift-controls.html#redshift-3>"
		]
	},
	"CrossRegionSnapshots": {
        "category": "R",
        "^description": "Cross-region snapshot copying provides disaster recovery capabilities by maintaining backup copies in a different AWS Region. This helps ensure business continuity in case of regional failures.",
        "shortDesc": "Enable cross-region snapshots",
        "criticality": "H",
        "downtime": 0,
        "slowness": 0,
        "additionalCost": 1,
        "needFullTest": 0,
        "ref": [
            "[Copying snapshots to another region]<https://docs.aws.amazon.com/redshift/latest/mgmt/cross-region-snapshot-copy.html>"
        ]
    },
	"AuditLogging": {
		"category": "S",
		"^description": "Amazon Redshift audit logging provides additional information about connections and user activities in your cluster. This data can be stored and secured in Amazon S3 and can be helpful in security audits and investigations.",
		"shortDesc": "Enable audit logging",
		"criticality": "M",
		"downtime": 0,
		"slowness": 0,
		"additionalCost": 1,
		"needFullTest": 0,
		"ref": [
			"[Enable audit logging]<https://docs.aws.amazon.com/redshift/latest/mgmt/db-auditing-console.html>"
		]
	},
	"AutomaticUpgrades": {
		"category": "SO",
		"^description": "Enabling automatic major version upgrades ensures that the latest major version updates to Amazon Redshift clusters are installed during the maintenance window. These updates might include security patches and bug fixes. Keeping up to date with patch installation is an important step in securing systems.",
		"shortDesc": "Enable automatic upgrades",
		"criticality": "M",
		"downtime": -1,
		"slowness": -1,
		"additionalCost": 0,
		"needFullTest": -1,
		"ref": [
			"[Enable automatic upgrades]<https://docs.aws.amazon.com/securityhub/latest/userguide/redshift-controls.html#redshift-6>"
		]
	},
	"EnhancedVpcRouting": {
		"category": "S",
		"^description": "Enhanced VPC routing forces all COPY and UNLOAD traffic between the cluster and data repositories to go through your VPC. You can then use VPC features such as security groups and network access control lists to secure network traffic. You can also use VPC Flow Logs to monitor network traffic.",
		"shortDesc": "Use enhanced VPC routing",
		"criticality": "M",
		"downtime": -1,
		"slowness": -1,
		"additionalCost": 0,
		"needFullTest": -1,
		"ref": [
			"[Enable enhanced VPC routing]<https://docs.aws.amazon.com/redshift/latest/mgmt/enhanced-vpc-enabling-cluster.html>"
		]
	},
	"DefaultAdminUsername": {
		"category": "S",
		"^description": "When creating a Redshift cluster, you should change the default admin username to a unique value. Default usernames are public knowledge and should be changed upon configuration. Changing the default usernames reduces the risk of unintended access. You can't change the admin username for your Amazon Redshift cluster after it is created. To create a new cluster, follow the instructions in the link provided.",
		"shortDesc": "Change default Admin username",
		"criticality": "M",
		"downtime": 1,
		"slowness": 0,
		"additionalCost": 0,
		"needFullTest": 1,
		"ref": [
			"[Create new cluster]<https://docs.aws.amazon.com/redshift/latest/gsg/rs-gsg-prereq.html>"
		]
	},
	"DefaultDatabaseName": {
		"category": "S",
		"^description": "When creating a Redshift cluster, you should change the default database name to a unique value. Default names are public knowledge and should be changed upon configuration. As an example, a well-known name could lead to inadvertent access if it was used in IAM policy conditions. You can't change the database name for your Amazon Redshift cluster after it is created. For instructions on creating a new cluster, see Getting started with Amazon Redshift in the Amazon Redshift Getting Started Guide",
		"shortDesc": "Change default database name (dev)",
		"criticality": "M",
		"downtime": 1,
		"slowness": 0,
		"additionalCost": 0,
		"needFullTest": 1,
		"ref": [
			"[Getting started with Amazon Redshift]<https://docs.aws.amazon.com/redshift/latest/gsg/getting-started.html>"
		]
	},
	"EncryptedAtRest": {
		"category": "S",
		"^description": "In Amazon Redshift, you can turn on database encryption for your clusters to help protect data at rest. When you turn on encryption for a cluster, the data blocks and system metadata are encrypted for the cluster and its snapshots. Encryption of data at rest is a recommended best practice because it adds a layer of access management to your data. Encrypting Redshift clusters at rest reduces the risk that an unauthorized user can access the data stored on disk.",
		"shortDesc": "Encrypt at rest",
		"criticality": "M",
		"downtime": -1,
		"slowness": 1,
		"additionalCost": -1,
		"needFullTest": -1,
		"ref": [
			"[Changing cluster encryption]<https://docs.aws.amazon.com/redshift/latest/mgmt/changing-cluster-encryption.html>"
		]
	},
	"EncryptedWithKMS": {
		"category": "S",
		"^description": "To help protect data at rest, ensure encryption with AWS Key Management Service (AWS KMS) is enabled for your Amazon Redshift cluster. Because sensitive data can exist at rest in Redshift clusters, enable encryption at rest to help protect that data.",
		"shortDesc": "Encrypt with KMS",
		"criticality": "M",
		"downtime": -1,
		"slowness": 1,
		"additionalCost": -1,
		"needFullTest": -1,
		"ref": [
			"[Database encryption for Amazon Redshift using AWS KMS]<https://docs.aws.amazon.com/redshift/latest/mgmt/working-with-db-encryption.html#working-with-aws-kms>"
		]
	},
	"ReservedNode": {
		"category": "C",
		"^description": "Amazon Redshift offers reserved nodes, which are a cost-effective way to operate your data warehouse by allowing you to reserve compute capacity for a one or three-year period. With reserved nodes, you can receive a significant discount compared to pay-as-you-go pricing. This can help you reduce your overall costs while maintaining the flexibility to scale compute capacity up or down based on your workload needs.",
		"shortDesc": "Use reserved nodes",
		"criticality": "L",
		"downtime": 0,
		"slowness": 0,
		"additionalCost": 0,
		"needFullTest": 0,
		"ref": [
			"[Purchase Reserved nodes]<https://docs.aws.amazon.com/redshift/latest/mgmt/purchase-reserved-node-instance.html>",
			"[Redshift Pricing]<https://aws.amazon.com/redshift/pricing>"
		]
	},
	"UnderutilisedCluster": {
		"category": "C",
		"^description": "An underutilized Amazon Redshift cluster can lead to unnecessary costs. It's important to monitor your cluster usage and right-size your cluster based on your workload requirements. You can use Amazon Redshift metrics, such as CPU utilization, disk space usage, and query performance, to determine if your cluster is underutilized.",
		"shortDesc": "Downsize cluster",
		"criticality": "L",
		"downtime": 1,
		"slowness": 1,
		"additionalCost": 0,
		"needFullTest": 1,
		"ref": [
			"[Monitor Redshift Performance]<https://docs.aws.amazon.com/redshift/latest/mgmt/working-with-clusters.html#rs-cluster-performance>"
		]
	}, 
	"IAMRoles": {
			"category": "S",
			"^description": "Use Role-Based Access Control (RBAC) through IAM roles to manage permissions effectively and adhere to the principle of least privilege. IAM roles are essential for secure integration with other AWS services (like S3, KMS, CloudWatch) and eliminate the need for storing long-term credentials. Roles provide temporary credentials that automatically rotate, enabling secure access while maintaining audit trails. Missing or improperly configured IAM roles can lead to security vulnerabilities, operational limitations, and compliance issues.",
			"shortDesc": "Enforce RBAC with IAM roles",
			"criticality": "H",
			"downtime": 0,
			"slowness": 0,
			"additionalCost": 0,
			"needFullTest": 0,
			"ref": [
				"[Creating an IAM Role]<https://docs.aws.amazon.com/redshift/latest/mgmt/authorizing-redshift-service.html#authorizing-redshift-service-creating-an-iam-role>"
			]
		},
	"AZRelocation": {
		"category": "R",
		"^description": "Amazon Redshift clusters are distributed across multiple availability zones. When you relocate a cluster, you can choose to relocate it to a new availability zone or to the same availability zone. Relocating a cluster to a new availability zone can help distribute your workload across multiple availability zones and improve performance.",
		"shortDesc": "Relocate cluster to new AZ",
		"criticality": "M",
		"downtime": 0,
		"slowness": 1,
		"additionalCost": 0,
		"needFullTest": 0,
		"ref": [
			"[Relocate cluster to new AZ]<https://docs.aws.amazon.com/redshift/latest/mgmt/managing-cluster-recovery.html>"
		]
	}
}
