{"iam": {"summary": {"passwordPolicyWeak": {"^description": "Your current password policy is not strong. Improving the strength of your password policy would improve the security of your account. Consider implementing best practices when setting the password policy.", "shortDesc": "Set a stronger password policy", "criticality": "M", "downtime": 0, "slowness": 0, "additionalCost": 0, "needFullTest": 0, "__categoryMain": "S", "__links": ["<a href='https://docs.aws.amazon.com/IAM/latest/UserGuide/best-practices.html#configure-strong-password-policy'>AWS Docs</a>"], "__affectedResources": {"GLOBAL": ["Account::Config"]}}, "rootMfaActive": {"^description": "You have not enabled Multi-Factor Authentication (MFA) on your root user. AWS MFA is a simple best practice that adds an extra layer of protection on top of your user name and password. With MFA enabled, when a user signs in to an AWS Management Console, they will be prompted for their user name and password (the first factor\u2014what they know), as well as for an authentication code from their AWS MFA device (the second factor\u2014what they have). Taken together, these multiple factors provide increased security for your AWS account settings and resources.", "shortDesc": "Enable MFA on root user", "criticality": "H", "downtime": 0, "slowness": 0, "additionalCost": -1, "needFullTest": 0, "__categoryMain": "S", "__links": ["<a href='https://aws.amazon.com/iam/features/mfa/'>AWS Docs</a>"], "__affectedResources": {"GLOBAL": ["User::<b>root_id</b>"]}}, "mfaActive": {"^description": "You have not enabled Multi-Factor Authentication (MFA) on <strong><u>1</u></strong> IAM users. AWS MFA is a simple best practice that adds an extra layer of protection on top of your user name and password. With MFA enabled, when a user signs in to an AWS Management Console, they will be prompted for their user name and password (the first factor\u2014what they know), as well as for an authentication code from their AWS MFA device (the second factor\u2014what they have). Taken together, these multiple factors provide increased security for your AWS account settings and resources.", "shortDesc": "Enable MFA on IAM user.", "criticality": "H", "downtime": 0, "slowness": 0, "additionalCost": -1, "needFullTest": 0, "__categoryMain": "S", "__links": ["<a href='https://aws.amazon.com/iam/features/mfa/'>AWS Docs</a>"], "__affectedResources": {"GLOBAL": ["User::ttttt"]}}, "InlinePolicy": {"^description": "You have set an inline policy for <strong><u>46</u></strong> IAM users, groups or roles. An inline policy is a policy that's embedded in an IAM identity (a user, group, or role). In most cases, we recommend that you use managed policies instead of inline policies. This is because managed poliicies have several additional features such as reusability, central change management, versioning and rolling back, delegating permissions management and automatic updates. Inline policies are useful if you want to maintain a strict one-to-one relationship between a policy and the identity that it's applied to. For example, you want to be sure that the permissions in a policy are not inadvertently assigned to an identity other than the one they're intended for.", "shortDesc": "Use managed policies", "criticality": "L", "downtime": 0, "slowness": 0, "additionalCost": 0, "needFullTest": 0, "__categoryMain": "O", "__links": ["<a href='https://docs.aws.amazon.com/IAM/latest/UserGuide/access_policies_managed-vs-inline.html'>AWS Docs</a>"], "__affectedResources": {"GLOBAL": ["User::ttttt", "Role::AccessAnalyzerTrustedService", "Role::AVMContainersUserRole", "Role::aws-elasticbeanstalk-service-role", "Role::AWS-QuickSetup-CFGCPacksDeployRole-jcpol_ap-southeast-1", "Role::AWS-QuickSetup-HostMgmtRole-ap-southeast-1-s0aev", "Role::AWS-QuickSetup-StackSet-Local-AdministrationRole", "Role::AWS-QuickSetup-StackSet-Local-ExecutionRole", "Role::AWSEKSClusterRole", "Role::AwsSecurityAudit", "Role::AwsSecurityNacundaAudit", "Role::AWS_InspectorEvents_Invoke_Assessment_Template", "Role::cdk-hnb659fds-deploy-role-956288449190-ap-southeast-2", "Role::cdk-hnb659fds-deploy-role-956288449190-us-east-1", "Role::cdk-hnb659fds-file-publishing-role-956288449190-ap-southeast-2", "Role::cdk-hnb659fds-file-publishing-role-956288449190-us-east-1", "Role::cdk-hnb659fds-image-publishing-role-956288449190-ap-southeast-2", "Role::cdk-hnb659fds-image-publishing-role-956288449190-us-east-1", "Role::cdk-hnb659fds-lookup-role-956288449190-ap-southeast-2", "Role::cdk-hnb659fds-lookup-role-956288449190-us-east-1", "Role::CodeDeployDemo-EC2-Instance-Profile", "Role::CodeDeployServiceRole", "Role::dms-vpc-role", "Role::dmsAdminRole", "Role::DMSDDBRole", "Role::EC2AdminRoles", "Role::EC2CapacityReservationService", "Role::eksctl-mythicaleks-eksctl-2-cluster-ServiceRole-F5RD6EODQGCM", "Role::eksctl-mythicaleks-eksctl-cluster-ServiceRole-FI5AVT0C79YZ", "Role::flowlogsRole", "Role::FusionQBSSMAutomationRole", "Role::InternalAuditInternal", "Role::itadmin", "Role::kk-v6-VPCFlowLogsAthenaIntegrationLambdaExecutorRo-11SFUVYGDSSDF", "Role::LambdaAMIASGAutomation", "Role::OrthancRole", "Role::rds-monitoring-role", "Role::sam-app-v1-AdvisorPostProcessFeedbackRole-1C56EE9MEJIT7", "Role::sam-app-v1-AdvisorSetLocationByIpRole-182B0NUV4ZN0T", "Role::sam-app-v1-sendFeedbackRole-1FQ6AFBPJA55M", "Role::serverlessrepo-AthenaDynamoDBConnecto-FunctionRole-15FB5485OM980", "Role::ShadowTrooperRole", "Role::SNSSuccessFeedback", "Role::workspaces_DefaultRole", "Group::Admin-Access", "Group::csa-2020"]}}, "unusedRole": {"^description": "You have <strong><u>29</u></strong> unused roles in your account. Review the necessities of these roles, and delete them if no longer necessary. By removing unused roles, you can simplify monitoring and improve your security posture.", "shortDesc": "Review & remove inactive roles", "criticality": "L", "downtime": 0, "slowness": 0, "additionalCost": 0, "needFullTest": 0, "__categoryMain": "O", "__categorySub": "S", "__links": ["<a href='https://aws.amazon.com/blogs/security/identify-unused-iam-roles-remove-confidently-last-used-timestamp/'>AWS Blog</a>"], "__affectedResources": {"GLOBAL": ["Role::AccessAnalyzerTrustedService", "Role::AVMContainersUserRole", "Role::AWS-QuickSetup-CFGCPacksDeployRole-jcpol_ap-southeast-1", "Role::AWS-QuickSetup-StackSet-Local-AdministrationRole", "Role::AWS-QuickSetup-StackSet-Local-ExecutionRole", "Role::cdk-hnb659fds-deploy-role-956288449190-ap-southeast-2", "Role::cdk-hnb659fds-deploy-role-956288449190-us-east-1", "Role::cdk-hnb659fds-file-publishing-role-956288449190-ap-southeast-2", "Role::cdk-hnb659fds-file-publishing-role-956288449190-us-east-1", "Role::cdk-hnb659fds-image-publishing-role-956288449190-ap-southeast-2", "Role::cdk-hnb659fds-image-publishing-role-956288449190-us-east-1", "Role::cdk-hnb659fds-lookup-role-956288449190-ap-southeast-2", "Role::cdk-hnb659fds-lookup-role-956288449190-us-east-1", "Role::CodeDeployDemo-EC2-Instance-Profile", "Role::CodeDeployServiceRole", "Role::dmsAdminRole", "Role::DMSDDBRole", "Role::EC2CapacityReservationService", "Role::FusionQBSSMAutomationRole", "Role::InternalAuditInternal", "Role::itadmin", "Role::LambdaAMIASGAutomation", "Role::rds-monitoring-role", "Role::sam-app-v1-AdvisorPostProcessFeedbackRole-1C56EE9MEJIT7", "Role::sam-app-v1-AdvisorSetLocationByIpRole-182B0NUV4ZN0T", "Role::sam-app-v1-sendFeedbackRole-1FQ6AFBPJA55M", "Role::serverlessrepo-AthenaDynamoDBConnecto-FunctionRole-15FB5485OM980", "Role::ShadowTrooperRole", "Role::SNSSuccessFeedback"]}}, "FullAdminAccess": {"^description": "You have provided full Administrator access to <strong><u>6</u></strong> users, groups or roles. It is considered best practice to limit access by following the standard security advice of granting least privilege, or granting only the permissions required to perform a task. Determine what users and roles need to do and then craft policies that allow them to perform only those tasks.", "shortDesc": "Limit permissions.", "criticality": "H", "downtime": 0, "slowness": 0, "additionalCost": 0, "needFullTest": 0, "__categoryMain": "S", "__links": ["<a href='https://docs.aws.amazon.com/IAM/latest/UserGuide/best-practices.html#grant-least-privilege'>AWS Docs</a>"], "__affectedResources": {"GLOBAL": ["Role::AWS-QuickSetup-StackSet-Local-ExecutionRole", "Role::dmsAdminRole", "Role::EC2AdminRoles", "Role::itadmin", "Group::Admin-Access", "Group::csa-2020"]}}, "roleLongSession": {"^description": "<strong><u>1</u></strong> role session duration is longer than the default duration of 60 minutes. Unless your applications and/or federated users need to complete longer running workloads in a single session, it is recommended to stick with the default session duration.", "shortDesc": "Review & reduce max session duration", "criticality": "L", "downtime": 0, "slowness": 0, "additionalCost": 0, "needFullTest": -1, "__categoryMain": "S", "__links": ["<a href='https://aws.amazon.com/blogs/security/enable-federated-api-access-to-your-aws-resources-for-up-to-12-hours-using-iam-roles/'>AWS Blog</a>"], "__affectedResources": {"GLOBAL": ["Role::itadmin"]}}, "InlinePolicyFullAccessOneServ": {"^description": "You have set an inline policy giving <strong><u>8</u></strong> users, groups and/or roles full access to one service. Consider switching to managed policies instead. It is also considered best practice to limit access by following the standard security advice of granting least privilege, or granting only the permissions required to perform a task. Determine what users and roles need to do and then craft policies that allow them to perform only those tasks.", "shortDesc": "Limit access in policy", "criticality": "H", "downtime": 0, "slowness": 0, "additionalCost": 0, "needFullTest": 0, "__categoryMain": "S", "__links": ["<a href='https://docs.aws.amazon.com/IAM/latest/UserGuide/best-practices.html#grant-least-privilege'>AWS Docs</a>"], "__affectedResources": {"GLOBAL": ["Role::itadmin", "Role::kk-v6-VPCFlowLogsAthenaIntegrationLambdaExecutorRo-11SFUVYGDSSDF", "Role::OrthancRole", "Role::serverlessrepo-AthenaDynamoDBConnecto-FunctionRole-15FB5485OM980", "Role::ShadowTrooperRole", "Role::SNSSuccessFeedback", "Role::workspaces_DefaultRole", "Group::csa-2020"]}}, "ManagedPolicyFullAccessOneServ": {"^description": "You have set a managed policy giving <strong><u>8</u></strong> users, groups and/or roles full access to one service. It is considered best practice to limit access by following the standard security advice of granting least privilege, or granting only the permissions required to perform a task. Determine what users and roles need to do and then craft policies that allow them to perform only those tasks.", "shortDesc": "Limit permissions.", "criticality": "H", "downtime": 0, "slowness": 0, "additionalCost": 0, "needFullTest": 0, "__categoryMain": "S", "__links": ["<a href='https://docs.aws.amazon.com/IAM/latest/UserGuide/best-practices.html#grant-least-privilege'>AWS Docs</a>"], "__affectedResources": {"GLOBAL": ["Role::LambdaAMIASGAutomation", "Role::OrthancRole", "Role::rds-monitoring-role", "Role::sam-app-v1-AdvisorPostProcessFeedbackRole-1C56EE9MEJIT7", "Role::sam-app-v1-AdvisorSetLocationByIpRole-182B0NUV4ZN0T", "Role::sam-app-v1-sendFeedbackRole-1FQ6AFBPJA55M", "Role::serverlessrepo-AthenaDynamoDBConnecto-FunctionRole-15FB5485OM980", "Group::csa-2020"]}}, "groupEmptyUsers": {"^description": "<strong><u>1</u></strong> User groups have no users within them. Consider deleting the groups if not being used.", "shortDesc": "Delete empty group.", "criticality": "L", "downtime": 0, "slowness": 0, "additionalCost": 0, "needFullTest": 0, "__categoryMain": "O", "__links": ["<a href='https://docs.aws.amazon.com/IAM/latest/UserGuide/id_groups_manage_delete.html'>AWS Docs</a>"], "__affectedResources": {"GLOBAL": ["Group::csa-2020"]}}}, "detail": {"GLOBAL": {"Account::Config": {"passwordPolicyWeak": {"criticality": "M", "shortDesc": "Set a stronger password policy", "__categoryMain": "S", "value": "MinimumPasswordLength=8<br>RequireSymbols=False<br>RequireNumbers=False<br>RequireUppercaseCharacters=True<br>RequireLowercaseCharacters=False<br>AllowUsersToChangePassword=True<br>ExpirePasswords=False<br>PasswordReusePrevention=5<br>HardExpiry=False"}}, "User::<b>root_id</b>": {"rootMfaActive": {"criticality": "H", "shortDesc": "Enable MFA on root user", "__categoryMain": "S", "value": "Inactive"}}, "User::ttttt": {"InlinePolicy": {"criticality": "L", "shortDesc": "Use managed policies", "__categoryMain": "O", "value": ""}}, "Role::AccessAnalyzerTrustedService": {"InlinePolicy": {"criticality": "L", "shortDesc": "Use managed policies", "__categoryMain": "O", "value": "AccessAnalyzerTrustedServicePolicy"}}, "Role::AVMContainersUserRole": {"InlinePolicy": {"criticality": "L", "shortDesc": "Use managed policies", "__categoryMain": "O", "value": "AWSContainerAssessmentPolicy"}}, "Role::aws-elasticbeanstalk-service-role": {"InlinePolicy": {"criticality": "L", "shortDesc": "Use managed policies", "__categoryMain": "O", "value": ""}}, "Role::AWS-QuickSetup-CFGCPacksDeployRole-jcpol_ap-southeast-1": {"InlinePolicy": {"criticality": "L", "shortDesc": "Use managed policies", "__categoryMain": "O", "value": "AWS-QuickSetup-CFGCPacks-AutomationPolicy-ap-southeast-1-jcpol<br>SSMQuickSetupEnableExplorerInlinePolicy"}}, "Role::AWS-QuickSetup-HostMgmtRole-ap-southeast-1-s0aev": {"InlinePolicy": {"criticality": "L", "shortDesc": "Use managed policies", "__categoryMain": "O", "value": "AWS-QuickSetup-SSMHostMgmt-CreateAndAttachRoleInlinePolicy-ap-southeast-1-s0aev<br>SSMQuickSetupEnableExplorerInlinePolicy"}}, "Role::AWS-QuickSetup-StackSet-Local-AdministrationRole": {"InlinePolicy": {"criticality": "L", "shortDesc": "Use managed policies", "__categoryMain": "O", "value": "AssumeRole-AWS-QuickSetup-StackSet-Local-ExecutionRole"}}, "Role::AWS-QuickSetup-StackSet-Local-ExecutionRole": {"InlinePolicy": {"criticality": "L", "shortDesc": "Use managed policies", "__categoryMain": "O", "value": ""}}, "Role::AWSEKSClusterRole": {"InlinePolicy": {"criticality": "L", "shortDesc": "Use managed policies", "__categoryMain": "O", "value": ""}}, "Role::AwsSecurityAudit": {"InlinePolicy": {"criticality": "L", "shortDesc": "Use managed policies", "__categoryMain": "O", "value": ""}}, "Role::AwsSecurityNacundaAudit": {"InlinePolicy": {"criticality": "L", "shortDesc": "Use managed policies", "__categoryMain": "O", "value": ""}}, "Role::AWS_InspectorEvents_Invoke_Assessment_Template": {"InlinePolicy": {"criticality": "L", "shortDesc": "Use managed policies", "__categoryMain": "O", "value": "AWS_Allow_Inspector_Assessment"}}, "Role::cdk-hnb659fds-deploy-role-956288449190-ap-southeast-2": {"InlinePolicy": {"criticality": "L", "shortDesc": "Use managed policies", "__categoryMain": "O", "value": "default"}}, "Role::cdk-hnb659fds-deploy-role-956288449190-us-east-1": {"InlinePolicy": {"criticality": "L", "shortDesc": "Use managed policies", "__categoryMain": "O", "value": "default"}}, "Role::cdk-hnb659fds-file-publishing-role-956288449190-ap-southeast-2": {"InlinePolicy": {"criticality": "L", "shortDesc": "Use managed policies", "__categoryMain": "O", "value": "cdk-hnb659fds-file-publishing-role-default-policy-956288449190-ap-southeast-2"}}, "Role::cdk-hnb659fds-file-publishing-role-956288449190-us-east-1": {"InlinePolicy": {"criticality": "L", "shortDesc": "Use managed policies", "__categoryMain": "O", "value": "cdk-hnb659fds-file-publishing-role-default-policy-956288449190-us-east-1"}}, "Role::cdk-hnb659fds-image-publishing-role-956288449190-ap-southeast-2": {"InlinePolicy": {"criticality": "L", "shortDesc": "Use managed policies", "__categoryMain": "O", "value": "cdk-hnb659fds-image-publishing-role-default-policy-956288449190-ap-southeast-2"}}, "Role::cdk-hnb659fds-image-publishing-role-956288449190-us-east-1": {"InlinePolicy": {"criticality": "L", "shortDesc": "Use managed policies", "__categoryMain": "O", "value": "cdk-hnb659fds-image-publishing-role-default-policy-956288449190-us-east-1"}}, "Role::cdk-hnb659fds-lookup-role-956288449190-ap-southeast-2": {"InlinePolicy": {"criticality": "L", "shortDesc": "Use managed policies", "__categoryMain": "O", "value": "LookupRolePolicy"}}, "Role::cdk-hnb659fds-lookup-role-956288449190-us-east-1": {"InlinePolicy": {"criticality": "L", "shortDesc": "Use managed policies", "__categoryMain": "O", "value": "LookupRolePolicy"}}, "Role::CodeDeployDemo-EC2-Instance-Profile": {"InlinePolicy": {"criticality": "L", "shortDesc": "Use managed policies", "__categoryMain": "O", "value": "CodeDeployDemo-EC2-Permissions"}}, "Role::CodeDeployServiceRole": {"InlinePolicy": {"criticality": "L", "shortDesc": "Use managed policies", "__categoryMain": "O", "value": ""}}, "Role::dms-vpc-role": {"InlinePolicy": {"criticality": "L", "shortDesc": "Use managed policies", "__categoryMain": "O", "value": ""}}, "Role::dmsAdminRole": {"InlinePolicy": {"criticality": "L", "shortDesc": "Use managed policies", "__categoryMain": "O", "value": ""}}, "Role::DMSDDBRole": {"InlinePolicy": {"criticality": "L", "shortDesc": "Use managed policies", "__categoryMain": "O", "value": ""}}, "Role::EC2AdminRoles": {"InlinePolicy": {"criticality": "L", "shortDesc": "Use managed policies", "__categoryMain": "O", "value": "AWSRevokeOlderSessions"}}, "Role::EC2CapacityReservationService": {"InlinePolicy": {"criticality": "L", "shortDesc": "Use managed policies", "__categoryMain": "O", "value": ""}}, "Role::eksctl-mythicaleks-eksctl-2-cluster-ServiceRole-F5RD6EODQGCM": {"InlinePolicy": {"criticality": "L", "shortDesc": "Use managed policies", "__categoryMain": "O", "value": "eksctl-mythicaleks-eksctl-2-cluster-PolicyCloudWatchMetrics<br>eksctl-mythicaleks-eksctl-2-cluster-PolicyELBPermissions"}}, "Role::eksctl-mythicaleks-eksctl-cluster-ServiceRole-FI5AVT0C79YZ": {"InlinePolicy": {"criticality": "L", "shortDesc": "Use managed policies", "__categoryMain": "O", "value": "eksctl-mythicaleks-eksctl-cluster-PolicyCloudWatchMetrics<br>eksctl-mythicaleks-eksctl-cluster-PolicyELBPermissions"}}, "Role::flowlogsRole": {"InlinePolicy": {"criticality": "L", "shortDesc": "Use managed policies", "__categoryMain": "O", "value": "oneClick_flowlogsRole_1590989488590"}}, "Role::FusionQBSSMAutomationRole": {"InlinePolicy": {"criticality": "L", "shortDesc": "Use managed policies", "__categoryMain": "O", "value": ""}}, "Role::InternalAuditInternal": {"InlinePolicy": {"criticality": "L", "shortDesc": "Use managed policies", "__categoryMain": "O", "value": ""}}, "Role::itadmin": {"InlinePolicyFullAccessOneServ": {"criticality": "H", "shortDesc": "Limit access in policy", "__categoryMain": "S", "value": "testInlineFull1Serv"}}, "Role::kk-v6-VPCFlowLogsAthenaIntegrationLambdaExecutorRo-11SFUVYGDSSDF": {"InlinePolicyFullAccessOneServ": {"criticality": "H", "shortDesc": "Limit access in policy", "__categoryMain": "S", "value": "VPCFlowLogsAthenaIntegrationLambdaExecutorPolicy"}}, "Role::LambdaAMIASGAutomation": {"InlinePolicy": {"criticality": "L", "shortDesc": "Use managed policies", "__categoryMain": "O", "value": ""}}, "Role::OrthancRole": {"InlinePolicyFullAccessOneServ": {"criticality": "H", "shortDesc": "Limit access in policy", "__categoryMain": "S", "value": "AmazonGuardDutyFullAccess"}}, "Role::rds-monitoring-role": {"InlinePolicy": {"criticality": "L", "shortDesc": "Use managed policies", "__categoryMain": "O", "value": ""}}, "Role::sam-app-v1-AdvisorPostProcessFeedbackRole-1C56EE9MEJIT7": {"InlinePolicy": {"criticality": "L", "shortDesc": "Use managed policies", "__categoryMain": "O", "value": ""}}, "Role::sam-app-v1-AdvisorSetLocationByIpRole-182B0NUV4ZN0T": {"InlinePolicy": {"criticality": "L", "shortDesc": "Use managed policies", "__categoryMain": "O", "value": ""}}, "Role::sam-app-v1-sendFeedbackRole-1FQ6AFBPJA55M": {"InlinePolicy": {"criticality": "L", "shortDesc": "Use managed policies", "__categoryMain": "O", "value": ""}}, "Role::serverlessrepo-AthenaDynamoDBConnecto-FunctionRole-15FB5485OM980": {"InlinePolicyFullAccessOneServ": {"criticality": "H", "shortDesc": "Limit access in policy", "__categoryMain": "S", "value": "FunctionExecutionPolicy"}}, "Role::ShadowTrooperRole": {"InlinePolicyFullAccessOneServ": {"criticality": "H", "shortDesc": "Limit access in policy", "__categoryMain": "S", "value": "ShadowTrooperPolicy-prod"}}, "Role::SNSSuccessFeedback": {"InlinePolicyFullAccessOneServ": {"criticality": "H", "shortDesc": "Limit access in policy", "__categoryMain": "S", "value": "oneClick_SNSSuccessFeedback_1630220311439"}}, "Role::workspaces_DefaultRole": {"InlinePolicyFullAccessOneServ": {"criticality": "H", "shortDesc": "Limit access in policy", "__categoryMain": "S", "value": "SkyLightSelfServiceAccess<br>SkyLightServiceAccess"}}, "Group::Admin-Access": {"InlinePolicy": {"criticality": "L", "shortDesc": "Use managed policies", "__categoryMain": "O", "value": ""}}, "Group::csa-2020": {"InlinePolicyFullAccessOneServ": {"criticality": "H", "shortDesc": "Limit access in policy", "__categoryMain": "S", "value": "myGroupInlinePolicy"}}}}}}